{
  "run_id": "1677a7da",
  "generated_utc": "2026-03-09T04:58:36.537641+00:00",
  "n_fires_total": 206,
  "n_pairs_complete_5m": 206,
  "n_fail_5m": 0,
  "view_b_all": {
    "n": 206,
    "mean": 0.006815951941747566,
    "median": -0.0005747999999999864,
    "pct_pos": 0.49514563106796117,
    "std": 0.11147086435083087,
    "ci_lo": -0.00904332913478607,
    "ci_hi": 0.022675233018281202,
    "mean_sig": -0.02285588398058253,
    "mean_ctl": -0.029671835922330095,
    "n_outliers": 51,
    "top_contributor_share": 0.039668064720606966
  },
  "view_c_timing_valid": {
    "n": 205,
    "mean": 0.006734174146341457,
    "median": -0.0006365999999999872,
    "pct_pos": 0.4926829268292683,
    "std": 0.1117375485483548,
    "ci_lo": -0.00920177540403857,
    "ci_hi": 0.022670123696721486,
    "mean_sig": -0.022943286829268297,
    "mean_ctl": -0.029677460975609755,
    "n_outliers": 51,
    "top_contributor_share": 0.039728408774806316
  },
  "view_a_snapshot": {
    "n": 67,
    "mean": 0.01264572238805969,
    "median": -0.007279900000000006,
    "pct_pos": 0.4626865671641791,
    "std": 0.12795625118830928,
    "ci_lo": -0.019275524283726284,
    "ci_hi": 0.04456696905984567,
    "mean_sig": -0.011122538805970162,
    "mean_ctl": -0.02376826119402985,
    "n_outliers": 23,
    "top_contributor_share": 0.07239792985042645
  },
  "classification": "FRAGILE / INCONCLUSIVE"
}