exit_type,count,mean_gross,mean_net
MAXHOLD,27,-0.007677801250190834,-0.012677801250190832
SL,153,-0.15000000000000002,-0.16000000000000003
TP,49,0.26931064902600876,0.26431064902600876
